Cd,Cm,Cd1,Cm1,Cd2,Cm2,Cdzong,Cmzong,time*w/2/PI,forces.x/L/L/L,forces1.x/L/L/L,forces2.x/L/L/L,E1
0.0,0.0,0.0,0.0,0.0,0.0,0.0,0.0,0.0,0.0,0.0,0.0,0.0
0.9722446,1.0092373,0.974939,1.0110959,1.0692562,1.0600947,3.0164394,3.0804276,1.003022,0.073832996,0.0769026,0.08142823,0.30036342
3.303753,3.0801141,3.279128,3.0401876,3.6944094,3.1522481,10.277297,9.272554,3.0002127,0.06775236,0.0579831,0.106004894,1.604895
4.3755236,4.024485,4.43157,3.8969545,4.959982,4.1990395,13.767088,12.120484,4.000126,0.08118293,0.07198882,0.10290749,2.3257499
5.545147,4.9701347,5.6334143,4.7112303,6.0857716,5.199075,17.26433,14.880443,5.002311,0.06599084,0.042633858,0.071611725,3.1301956
6.6534014,5.9032173,6.6908293,5.6360054,7.296822,6.031943,20.641052,17.571167,6.000919,0.072719134,0.04580541,0.06924533,3.9623659
7.7145886,6.813542,7.8660493,6.4937544,8.603302,7.035646,24.183952,20.342953,7.0002594,0.10962951,0.08288958,0.08172584,4.83064
KC,beta,bi1,bi2,L,n,m,R,flow.eps,sanjiaosanyuanzhu
5.0,350,3.75,2.75,32,40L,40L,8.0L,2.0
