Cd,Cm,Cd1,Cm1,Cd2,Cm2,Cdzong,Cmzong,time*w/2/PI,forces.x/L/L/L,forces1.x/L/L/L,forces2.x/L/L/L,E1
0.0,0.0,0.0,0.0,0.0,0.0,0.0,0.0,0.0,0.0,0.0,0.0,0.0
0.76360077,0.825927,0.85640377,0.8708133,1.0837035,1.0768554,2.7037075,2.7735958,1.0001496,0.046799656,0.08233382,0.08656397,0.27268907
1.6165602,1.6775606,1.9400494,1.7389703,2.307466,2.0781255,5.8640747,5.4946537,2.000383,0.072985455,0.0961257,0.06972683,0.83891153
2.4116442,2.5107327,2.8739295,2.6520283,3.4862814,3.0891266,8.771852,8.251883,3.0021415,0.033153493,0.09376043,0.08756655,1.44893
3.237147,3.3402798,3.7407122,3.3877704,4.830028,4.0264626,11.80788,10.754504,4.0018625,0.038573228,0.12906182,0.11342349,2.0946207
4.1616583,4.177209,4.866696,4.096806,6.127583,5.086763,15.155922,13.360757,5.0005646,0.029954618,0.15720715,0.09792585,2.8254333
6.0840955,5.695737,6.7175527,5.6184487,8.693382,7.0730314,21.495022,18.387241,7.002219,0.018966632,0.10785658,0.07473437,4.4210486
KC,beta,bi1,bi2,L,n,m,R,flow.eps,sanjiaosanyuanzhu
5.0,350,3.25,0.5,32,40L,40L,8.0L,2.0
