Cd,Cm,Cd1,Cm1,Cd2,Cm2,Cdzong,Cmzong,time*w/2/PI,forces.x/L/L/L,forces1.x/L/L/L,forces2.x/L/L/L,E1
0.0,0.0,0.0,0.0,0.0,0.0,0.0,0.0,0.0,0.0,0.0,0.0,0.0
0.9588307,1.0037944,0.961017,1.0017827,0.974727,1.0168484,2.8945749,3.0224268,1.0016747,0.07705245,0.07337505,0.076030724,0.29032257
3.1485376,2.9044135,3.243674,2.7691667,3.3234212,2.8084064,9.715634,8.481989,3.0008855,0.08724897,0.08514425,0.09282932,1.547643
4.4581428,3.7309117,4.3843594,3.6478882,4.5856576,3.6482182,13.428165,11.027034,4.0010657,0.111757495,0.07107502,0.07750615,2.3302677
5.6236987,4.569573,5.4321637,4.6965303,5.7686443,4.558832,16.824516,13.824955,5.000616,0.07435873,0.06917406,0.062717244,3.194744
6.6175494,5.5826173,6.4556403,5.677454,6.8983836,5.4996867,19.971565,16.759777,6.0008054,0.06561233,0.10295705,0.10940863,4.072609
7.6951838,6.5842915,7.566758,6.55295,7.8801727,6.4061327,23.142132,19.54339,7.000211,0.07783153,0.051754173,0.117602386,4.9551764
KC,beta,bi1,bi2,L,n,m,R,flow.eps,sanjiaosanyuanzhu
5.0,350,2.25,4.0,32,40L,40L,8.0L,2.0
