Cd,Cm,Cd1,Cm1,Cd2,Cm2,Cdzong,Cmzong,time*w/2/PI,forces.x/L/L/L,forces1.x/L/L/L,forces2.x/L/L/L,E1
0.0,0.0,0.0,0.0,0.0,0.0,0.0,0.0,0.0,0.0,0.0,0.0,0.0
0.9877603,1.0143074,0.9881376,1.0150682,1.0649801,1.060903,3.040877,3.0902784,1.0003364,0.07899756,0.08021858,0.08465037,0.30060458
3.404656,3.0913334,3.5255244,3.087367,3.839371,3.2574112,10.769556,9.4361105,3.001117,0.07699037,0.08544095,0.09905389,1.6283715
4.488406,4.0615783,4.76813,3.9714327,5.1181626,4.274195,14.374704,12.307206,4.000567,0.08322324,0.07838375,0.090307996,2.3643842
5.706552,5.0191164,5.9408245,4.972524,6.2518983,5.2248583,17.899286,15.216512,5.0005746,0.08928806,0.07056792,0.086081415,3.174209
6.9788904,5.985251,7.039176,5.8651886,7.637507,6.0926957,21.655579,17.943142,6.001603,0.113147885,0.08743464,0.08928539,4.050812
8.13964,6.840808,8.416422,6.7150173,8.972837,6.953116,25.52892,20.508936,7.001132,0.062091213,0.11969116,0.09814434,4.974115
KC,beta,bi1,bi2,L,n,m,R,flow.eps,sanjiaosanyuanzhu
5.0,350,3.25,3.0,32,40L,40L,8.0L,2.0
