Cd,Cm,Cd1,Cm1,Cd2,Cm2,Cdzong,Cmzong,time*w/2/PI,forces.x/L/L/L,forces1.x/L/L/L,forces2.x/L/L/L,E1
0.0,0.0,0.0,0.0,0.0,0.0,0.0,0.0,0.0,0.0,0.0,0.0,0.0
1.0586361,1.0196897,1.0617423,1.018195,1.1078151,1.0488362,3.2281938,3.0867221,1.0013132,0.0271106,0.026144307,0.027949177,0.14776036
2.1262567,2.0313294,2.1289744,2.0290487,2.2309518,2.0893257,6.4861827,6.1497073,2.005403,0.021894066,0.020784345,0.022484047,0.39386123
5.242579,5.0840826,5.2412024,5.081043,5.50681,5.227371,15.990594,15.392496,5.004193,0.023745475,0.022392066,0.02431517,1.1407211
6.280578,6.098552,6.2784896,6.0950136,6.5993247,6.270154,19.15839,18.463717,6.0006204,0.025889117,0.02440711,0.026483778,1.3915195
7.319579,7.112703,7.3167515,7.108529,7.6944633,7.31277,22.330788,21.533987,7.0040417,0.027686872,0.026056765,0.028420618,1.643062
KC,beta,bi1,bi2,L,n,m,R,flow.eps,sanjiaosanyuanzhu
3.0,350,2.25,3.5,32,40L,40L,8.0L,2.0
