Cd,Cm,Cd1,Cm1,Cd2,Cm2,Cdzong,Cmzong,time*w/2/PI,forces.x/L/L/L,forces1.x/L/L/L,forces2.x/L/L/L,E1
0.0,0.0,0.0,0.0,0.0,0.0,0.0,0.0,0.0,0.0,0.0,0.0,0.0
1.002859,0.97789913,1.00668,0.98055065,0.96777946,0.9584894,2.9773176,2.9169397,1.003301,0.022407377,0.024325795,0.022100437,0.1382706
1.9945903,1.9485606,1.9944689,1.951719,1.907425,1.9074596,5.8964844,5.807741,2.004655,0.01919329,0.021073684,0.01934835,0.36273795
2.9534109,2.9298918,2.952077,2.9325743,2.81353,2.8693175,8.719022,8.731785,3.0036566,0.020202462,0.021910543,0.01984783,0.5867114
3.919401,3.908993,3.919291,3.9117866,3.7309647,3.8310013,11.569664,11.651783,4.002758,0.020934202,0.022904608,0.020767191,0.811692
5.8598022,5.864555,5.8615255,5.866633,5.5829086,5.752154,17.304234,17.48335,6.003638,0.020711306,0.022520458,0.020700533,1.2671957
6.825189,6.8427806,6.825516,6.8439155,6.512374,6.7133765,20.16308,20.400076,7.0058703,0.023215488,0.02505543,0.023535052,1.4947369
KC,beta,bi1,bi2,L,n,m,R,flow.eps,sanjiaosanyuanzhu
3.0,350,1.75,4.0,32,40L,40L,8.0L,2.0
