Cd,Cm,Cd1,Cm1,Cd2,Cm2,Cdzong,Cmzong,time*w/2/PI,forces.x/L/L/L,forces1.x/L/L/L,forces2.x/L/L/L,E1
0.0,0.0,0.0,0.0,0.0,0.0,0.0,0.0,0.0,0.0,0.0,0.0,0.0
1.0205173,0.9806359,1.0164671,0.9862896,1.2317753,1.1210628,3.2687597,3.0879881,1.0025157,0.021831254,0.027207036,0.031001821,0.14992845
2.0231676,1.953265,2.0074859,1.9612646,2.467759,2.2314918,6.4984136,6.1460214,2.0012434,0.019989096,0.024854835,0.028467312,0.40026137
2.9878254,2.9432218,2.9729333,2.9458215,3.6700768,3.352084,9.630834,9.241129,3.002705,0.019779919,0.0239059,0.02816689,0.6509698
3.9640825,3.9315655,3.9435139,3.928238,4.8938665,4.4657636,12.801461,12.325574,4.001662,0.02108134,0.025121232,0.029740097,0.9030296
5.940473,5.8969307,5.9162903,5.8891544,7.3424106,6.6894403,19.19917,18.475538,6.004362,0.01945791,0.02466022,0.027692437,1.4153959
6.9161234,6.8752775,6.888707,6.8666053,8.540156,7.802108,22.344976,21.54399,7.0008864,0.024657777,0.030268438,0.033933625,1.6700815
KC,beta,bi1,bi2,L,n,m,R,flow.eps,sanjiaosanyuanzhu
3.0,350,2.0,1.25,32,40L,40L,8.0L,2.0
