Cd,Cm,Cd1,Cm1,Cd2,Cm2,Cdzong,Cmzong,time*w/2/PI,forces.x/L/L/L,forces1.x/L/L/L,forces2.x/L/L/L,E1
0.0,0.0,0.0,0.0,0.0,0.0,0.0,0.0,0.0,0.0,0.0,0.0,0.0
1.0794773,1.0281445,1.079093,1.0273168,1.1327969,1.060979,3.291367,3.1164415,1.0036106,0.025685087,0.025346199,0.027125368,0.15088971
2.1510146,2.0492108,2.151868,2.0481384,2.2683585,2.1148996,6.571242,6.2122474,2.0018206,0.02425383,0.023750186,0.02548829,0.39962867
3.192132,3.0784228,3.1923053,3.0773482,3.3702435,3.1762457,9.754685,9.332019,3.0004125,0.025349855,0.024785716,0.026620144,0.6497309
4.2438545,4.1051,4.2439623,4.104006,4.4853873,4.234041,12.973213,12.443151,4.0024214,0.024369318,0.023831071,0.025686717,0.9027818
6.3443317,6.1531506,6.3442793,6.151989,6.710922,6.344272,19.399532,18.649406,6.0024595,0.024503345,0.023905536,0.025748096,1.4115367
7.3867016,7.1766243,7.386528,7.175339,7.815584,7.398911,22.588816,21.75087,7.0046587,0.026942503,0.02624706,0.028251804,1.6653106
KC,beta,bi1,bi2,L,n,m,R,flow.eps,sanjiaosanyuanzhu
3.0,350,3.0,3.75,32,40L,40L,8.0L,2.0
