Cd,Cm,Cd1,Cm1,Cd2,Cm2,Cdzong,Cmzong,time*w/2/PI,forces.x/L/L/L,forces1.x/L/L/L,forces2.x/L/L/L,E1
0.0,0.0,0.0,0.0,0.0,0.0,0.0,0.0,0.0,0.0,0.0,0.0,0.0
1.044644,1.006593,1.0422355,1.0092466,1.1744324,1.0867628,3.2613115,3.1026025,1.0009465,0.024745816,0.027072685,0.03027546,0.14942376
2.077287,2.0068347,2.0710478,2.0103273,2.3682344,2.1640618,6.516567,6.181222,2.0004551,0.022323536,0.024589773,0.027474979,0.39845547
3.0807593,3.0188704,3.0743089,3.0215268,3.5337365,3.2504928,9.688801,9.290887,3.0048807,0.020027611,0.022100631,0.025185691,0.6491958
4.08735,4.028557,4.0774856,4.030412,4.7057085,4.3309817,12.870547,12.389951,4.0058436,0.019824201,0.021733519,0.025082724,0.90096104
5.090956,5.0366545,5.0776033,5.0384717,5.8718796,5.409048,16.040434,15.484175,5.0036554,0.021279462,0.02313865,0.026399037,1.153585
7.094337,7.050866,7.081532,7.0546994,8.19371,7.564507,22.369576,21.670057,7.002081,0.025927696,0.028251696,0.031269066,1.6600803
KC,beta,bi1,bi2,L,n,m,R,flow.eps,sanjiaosanyuanzhu
3.0,350,3.0,2.0,32,40L,40L,8.0L,2.0
