Cd,Cm,Cd1,Cm1,Cd2,Cm2,Cdzong,Cmzong,time*w/2/PI,forces.x/L/L/L,forces1.x/L/L/L,forces2.x/L/L/L,E1
0.0,0.0,0.0,0.0,0.0,0.0,0.0,0.0,0.0,0.0,0.0,0.0,0.0
0.9707299,0.93709123,0.96753114,0.9501358,1.1817405,1.0890235,3.1200013,2.9762506,1.0031096,0.017443895,0.028286,0.029038375,0.14346623
1.9439797,1.8666751,1.921476,1.8835303,2.3753703,2.1679914,6.2408276,5.9181957,2.0022128,0.015817234,0.026456498,0.026451748,0.38387784
2.8764153,2.814208,2.8593562,2.8245468,3.5402443,3.2566612,9.27602,8.8954115,3.0057626,0.014547766,0.024182888,0.024804719,0.6257622
3.8160317,3.758955,3.8002567,3.7634075,4.714109,4.339005,12.330403,11.861366,4.0054727,0.015092745,0.025254803,0.025600411,0.86853015
5.724919,5.6323385,5.710593,5.63418,7.058571,6.498682,18.49409,17.765173,6.0050993,0.015234638,0.026504792,0.025688581,1.3622941
6.676534,6.5661244,6.654755,6.567795,8.216368,7.5784225,21.547646,20.712324,7.00457,0.018874876,0.030113794,0.029939039,1.6089419
KC,beta,bi1,bi2,L,n,m,R,flow.eps,sanjiaosanyuanzhu
3.0,350,3.25,1.0,32,40L,40L,8.0L,2.0
