Cd,Cm,Cd1,Cm1,Cd2,Cm2,Cdzong,Cmzong,time*w/2/PI,forces.x/L/L/L,forces1.x/L/L/L,forces2.x/L/L/L,E1
0.0,0.0,0.0,0.0,0.0,0.0,0.0,0.0,0.0,0.0,0.0,0.0,0.0
1.0008875,0.9627476,0.99741346,0.97157663,1.1797198,1.0876366,3.17802,3.0219605,1.0049465,0.018719183,0.026188094,0.02744047,0.14641784
1.9855373,1.919558,1.9664502,1.9304763,2.3537557,2.1668901,6.305745,6.016924,2.0020928,0.017913096,0.025239317,0.026255168,0.3879622
2.9311404,2.8922682,2.9088485,2.8984542,3.4953015,3.2551308,9.335295,9.045851,3.0007343,0.01922794,0.025768995,0.027721798,0.62925005
4.8509254,4.833277,4.8183384,4.830404,5.8136406,5.4178143,15.482908,15.081503,5.0008097,0.019770656,0.026778251,0.028201675,1.1184976
5.821076,5.798617,5.787271,5.794211,6.9713426,6.497667,18.579695,18.090496,6.0009556,0.019676456,0.027391255,0.02805835,1.366118
6.7867346,6.7610817,6.750584,6.7559056,8.116456,7.577381,21.653793,21.094378,7.001508,0.022669999,0.030893179,0.03151248,1.6134193
KC,beta,bi1,bi2,L,n,m,R,flow.eps,sanjiaosanyuanzhu
3.0,350,3.25,1.25,32,40L,40L,8.0L,2.0
