Cd,Cm,Cd1,Cm1,Cd2,Cm2,Cdzong,Cmzong,time*w/2/PI,forces.x/L/L/L,forces1.x/L/L/L,forces2.x/L/L/L,E1
0.0,0.0,0.0,0.0,0.0,0.0,0.0,0.0,0.0,0.0,0.0,0.0,0.0
1.06925,1.0184252,1.067264,1.0204649,1.155718,1.0704724,3.292232,3.1093621,1.0041146,0.024225544,0.02535801,0.027589135,0.15069862
2.121769,2.03076,2.1187003,2.033498,2.3208795,2.1321046,6.5613503,6.1963615,2.0028794,0.02230468,0.023356263,0.025413755,0.39964914
3.1427677,3.053219,3.139743,3.055999,3.4530985,3.202348,9.735607,9.311561,3.002977,0.022502935,0.023548597,0.025713528,0.6496121
5.195574,5.090411,5.1906266,5.0937676,5.732938,5.330368,16.11913,15.514538,5.001366,0.023828434,0.024836171,0.027143762,1.1548196
6.2238164,6.107556,6.2187696,6.111288,6.873869,6.3926787,19.31642,18.611515,6.001325,0.02391729,0.024861,0.027157214,1.4091518
7.2406297,7.124609,7.2359986,7.1288815,8.00144,7.454826,22.47803,21.708313,7.001367,0.027650693,0.028610144,0.030990928,1.6619724
KC,beta,bi1,bi2,L,n,m,R,flow.eps,sanjiaosanyuanzhu
3.0,350,4.0,2.75,32,40L,40L,8.0L,2.0
