Cd,Cm,Cd1,Cm1,Cd2,Cm2,Cdzong,Cmzong,time*w/2/PI,forces.x/L/L/L,forces1.x/L/L/L,forces2.x/L/L/L,E1
0.0,0.0,0.0,0.0,0.0,0.0,0.0,0.0,0.0,0.0,0.0,0.0,0.0
1.0747342,1.0207766,1.0745622,1.0220205,1.160554,1.0740776,3.3098502,3.1168745,1.0047438,0.024221104,0.025088308,0.027162123,0.15136904
2.1339147,2.0349798,2.1327152,2.0368288,2.3239129,2.1401918,6.5905433,6.211998,2.0037787,0.022082817,0.022878464,0.024835654,0.4011857
3.1623828,3.0594244,3.1615562,3.0612662,3.4551919,3.215015,9.779126,9.335705,3.0051398,0.02162657,0.022357542,0.02447222,0.65211475
5.2328424,5.100184,5.2306004,5.102367,5.7357407,5.352252,16.19918,15.554796,5.005526,0.021767078,0.022436969,0.024624309,1.159443
6.266001,6.1191387,6.263615,6.1215444,6.8720536,6.419272,19.401672,18.659945,6.004125,0.022668146,0.023306072,0.025486842,1.4140867
7.2877874,7.1380816,7.2858686,7.140873,7.995454,7.486214,22.56912,21.765162,7.002866,0.027223293,0.027913993,0.030231604,1.6671994
KC,beta,bi1,bi2,L,n,m,R,flow.eps,sanjiaosanyuanzhu
3.0,350,3.5,2.75,32,40L,40L,8.0L,2.0
