Cd,Cm,Cd1,Cm1,Cd2,Cm2,Cdzong,Cmzong,time*w/2/PI,forces.x/L/L/L,forces1.x/L/L/L,forces2.x/L/L/L,E1
0.0,0.0,0.0,0.0,0.0,0.0,0.0,0.0,0.0,0.0,0.0,0.0,0.0
0.9070198,1.016837,0.9001624,1.0129962,0.992194,1.0748072,2.7993755,3.1046393,1.0014973,0.1448231,0.12670541,0.13921121,0.44944215
2.9519954,2.8748038,3.363541,2.622032,3.378127,3.0421855,9.693666,8.539014,3.0003712,0.107017644,0.043904174,0.118518524,2.7157724
4.091954,3.9694607,4.4062953,3.2096283,4.6193547,4.228708,13.117606,11.407794,4.000215,0.23230673,0.11529415,0.13663515,3.9206944
5.34205,4.816626,5.6151414,4.233149,5.9828806,5.1694574,16.94007,14.219245,5.001775,0.18540867,0.10828219,0.25083563,5.3587723
6.577229,5.836298,7.1384406,4.977548,6.933932,6.1589613,20.649609,16.97283,6.0006895,0.14671585,0.17121212,0.057128027,6.908183
7.496532,6.776121,8.169648,5.923788,8.249321,6.9547467,23.915537,19.654661,7.001524,0.20743023,0.22017342,0.010011099,8.349056
KC,beta,bi1,bi2,L,n,m,R,flow.eps,sanjiaosanyuanzhu
7.0,350,1.5,2.25,32,40L,40L,8.0L,2.0
