Cd,Cm,Cd1,Cm1,Cd2,Cm2,Cdzong,Cmzong,time*w/2/PI,forces.x/L/L/L,forces1.x/L/L/L,forces2.x/L/L/L,E1
0.0,0.0,0.0,0.0,0.0,0.0,0.0,0.0,0.0,0.0,0.0,0.0,0.0
0.8950356,1.008204,0.8846612,0.9982612,1.0093864,1.0677816,2.7890823,3.0742483,1.0016309,0.14733554,0.118604384,0.13915168,0.44421718
3.3383594,2.8090155,3.636101,2.6878014,3.7727702,2.9789953,10.747235,8.475816,3.0003448,0.20640722,0.27379152,0.13756831,2.7764513
4.6950536,3.6532743,4.474314,3.517967,4.686902,4.008853,13.856288,11.180083,4.0006456,0.17072895,0.022503631,0.037524983,4.1138697
6.0805383,4.623432,5.4077935,4.4788203,5.8624716,5.1426697,17.350815,14.24491,5.0000043,0.14304426,0.06921144,0.19055784,5.5772233
7.602752,5.446467,6.5393248,5.438322,7.1214633,5.985009,21.263552,16.869781,6.0011935,0.21505211,0.17182092,0.4308077,7.0867624
8.562014,6.532812,7.8944216,6.0951138,8.244132,6.829835,24.700588,19.457731,7.0011888,0.17644982,0.1585419,0.16389258,8.532409
KC,beta,bi1,bi2,L,n,m,R,flow.eps,sanjiaosanyuanzhu
7.0,350,1.25,2.0,32,40L,40L,8.0L,2.0
