Cd,Cm,Cd1,Cm1,Cd2,Cm2,Cdzong,Cmzong,time*w/2/PI,forces.x/L/L/L,forces1.x/L/L/L,forces2.x/L/L/L,E1
0.0,0.0,0.0,0.0,0.0,0.0,0.0,0.0,0.0,0.0,0.0,0.0,0.0
0.8481794,0.9922791,0.8770533,0.96348506,0.9250286,0.98664695,2.6502612,2.9424107,1.0007077,0.15013902,0.10816272,0.13137957,0.41789815
2.0158873,1.9691626,1.9890153,1.880013,2.1288927,1.890075,6.1337967,5.73925,2.0014827,0.1700698,0.1770281,0.16190407,1.3896636
4.116277,3.4182372,4.20441,3.5373795,3.8913586,3.7966864,12.21204,10.752308,4.0013914,0.10009891,0.08501455,0.06976265,3.889775
5.4317713,4.2614264,5.295435,4.467318,4.789293,4.8221073,15.516491,13.550859,5.000829,0.14026394,0.20405734,0.019413892,5.203709
6.61807,5.2279387,6.22383,5.4292197,5.39997,5.747964,18.241861,16.405132,6.0007224,0.1306825,0.11515723,0.20130497,6.5358534
7.7722235,6.243742,7.296478,6.4583945,6.501978,6.7335267,21.570662,19.435675,7.0015435,0.16294098,0.10880887,0.11444653,7.9160805
KC,beta,bi1,bi2,L,n,m,R,flow.eps,sanjiaosanyuanzhu
7.0,350,1.25,2.5,32,40L,40L,8.0L,2.0
