Cd,Cm,Cd1,Cm1,Cd2,Cm2,Cdzong,Cmzong,time*w/2/PI,forces.x/L/L/L,forces1.x/L/L/L,forces2.x/L/L/L,E1
0.0,0.0,0.0,0.0,0.0,0.0,0.0,0.0,0.0,0.0,0.0,0.0,0.0
0.91053,1.0027786,0.9289105,1.006932,1.0473989,1.0956806,2.8868413,3.1053915,1.0019174,0.13052475,0.15636674,0.15923953,0.45714486
2.2030406,1.928809,2.3258798,1.9297969,2.5447357,2.1422176,7.073658,6.000819,2.0004725,0.1406165,0.15837131,0.1511246,1.579187
3.417227,2.7009292,3.687803,2.835984,3.87681,3.1782022,10.981836,8.715119,3.0010304,0.06976247,0.23863432,0.1187998,2.9604757
4.6201596,3.8019278,4.716466,3.4872105,5.1202693,4.0120616,14.456896,11.30121,4.000394,0.111327715,0.17260745,0.14298758,4.3289814
5.8113103,4.9126215,6.008528,4.1940165,7.131718,4.850952,18.951563,13.957582,5.0008893,0.17993389,0.22534503,0.3577855,5.857999
8.183859,6.9497976,8.907566,5.9454913,9.81791,6.1131296,26.909302,19.008438,7.000686,0.23335949,0.09399406,-0.048851963,9.163707
KC,beta,bi1,bi2,L,n,m,R,flow.eps,sanjiaosanyuanzhu
7.0,350,3.25,1.75,32,40L,40L,8.0L,2.0
